{
  "channels": [
    "defaults"
  ],
  "conda_build_version": "3.15.1",
  "conda_private": false,
  "conda_version": "4.5.11",
  "env_vars": {
    "CIO_TEST": "<not set>"
  },
  "extra": {
    "copy_test_source_files": true,
    "final": true,
    "recipe-maintainers": [
      "gillins",
      "groutr",
      "ocefpaf"
    ]
  },
  "home": "http://xerces.apache.org/xerces-c/",
  "identifiers": [],
  "keywords": [],
  "license": "Apache 2.0",
  "license_family": "Apache",
  "license_file": "LICENSE",
  "root_pkgs": [
    "asn1crypto 0.23.0 py36h546eea3_0",
    "beautifulsoup4 4.6.3 py36_0",
    "ca-certificates 2018.03.07 0",
    "certifi 2018.10.15 py36_0",
    "cffi 1.11.2 py36h829d1a5_0",
    "chardet 3.0.4 py36h420ce6e_1",
    "conda 4.5.11 py36_0",
    "conda-build 3.15.1 py36_0",
    "conda-env 2.6.0 h36134e3_1",
    "console_shortcut 0.1.1 h6bb2dd7_3",
    "cryptography 2.1.4 py36he1d7878_0",
    "filelock 3.0.9 py36_0",
    "git 2.19.1 h6bb4b03_0",
    "glob2 0.6 py36_1",
    "idna 2.6 py36h148d497_1",
    "jinja2 2.10 py36_0",
    "m2-msys2-runtime 2.5.0.17080.65c939c 3",
    "m2-patch 2.7.5 2",
    "markupsafe 1.0 py36hfa6e2cd_1",
    "menuinst 1.4.10 py36h42196fb_0",
    "msys2-conda-epoch 20160418 1",
    "openssl 1.0.2p hfa6e2cd_0",
    "pip 9.0.1 py36h226ae91_4",
    "pkginfo 1.4.2 py36_1",
    "psutil 5.4.7 py36hfa6e2cd_0",
    "pycosat 0.6.3 py36h413d8a4_0",
    "pycparser 2.18 py36hd053e01_1",
    "pyopenssl 17.5.0 py36h5b7d817_0",
    "pysocks 1.6.7 py36h698d350_1",
    "python 3.6.3 h3b118a2_4",
    "pytz 2018.5 py36_0",
    "pywin32 221 py36h9c10281_0",
    "pyyaml 3.13 py36hfa6e2cd_0",
    "requests 2.18.4 py36h4371aae_1",
    "ruamel_yaml 0.11.14 py36h9b16331_2",
    "setuptools 36.5.0 py36h65f9e6e_0",
    "six 1.11.0 py36h4db2310_1",
    "tqdm 4.26.0 py36h28b3542_0",
    "urllib3 1.22 py36h276f60a_0",
    "vc 14 h2379b0c_2",
    "vs2015_runtime 14.0.25123 hd4c4e62_2",
    "wheel 0.30.0 py36h6c3ec14_1",
    "wincertstore 0.2 py36h7fe50ca_0",
    "win_inet_pton 1.0.1 py36he67d7fd_1",
    "yaml 0.1.7 hc54c509_2"
  ],
  "summary": "Xerces-C++ is a validating XML parser written in a portable subset of C++.",
  "tags": []
}