{
  "arch": "x86_64",
  "build": "ha925a31_0",
  "build_number": 0,
  "channel": "https://repo.anaconda.com/pkgs/main/win-64",
  "constrains": [],
  "depends": [
    "vc >=14.1,<15.0a0"
  ],
  "features": "",
  "fn": "xerces-c-3.2.2-ha925a31_0.conda",
  "legacy_bz2_md5": "3eb35e46092ed157aacc1f1ac1a4235e",
  "legacy_bz2_size": 4294566,
  "license": "Apache 2.0",
  "license_family": "Apache",
  "md5": "6b8f2b8f446ae77eed5b2ae5bb475fa0",
  "name": "xerces-c",
  "platform": "win32",
  "sha256": "c52aeaf2a672cc9974f80950c6a479593c10d491de4719068f37518f9b491072",
  "size": 2952440,
  "subdir": "win-64",
  "timestamp": 1539731288185,
  "track_features": "",
  "url": "https://repo.anaconda.com/pkgs/main/win-64/xerces-c-3.2.2-ha925a31_0.conda",
  "version": "3.2.2"
}